,FilePos,DetectionMode,LE,Dwell,SSNR,SNR_Joy,Mode
24,..\data\3_SNR-comparison-detectors\SNR-final-combined\HR\ADF-STEM\STEM_28kV_100ns_000_000.tif,ADF-STEM,28,100.0,2.675275129675182,2.8082290995496404,HR
25,..\data\3_SNR-comparison-detectors\SNR-final-combined\HR\ADF-STEM\STEM_28kV_100ns_000_001.tif,ADF-STEM,28,100.0,2.4248113438128196,2.4350164819474105,HR
26,..\data\3_SNR-comparison-detectors\SNR-final-combined\HR\ADF-STEM\STEM_28kV_100ns_001_000.tif,ADF-STEM,28,100.0,10.729208433165848,11.356752727413362,HR
27,..\data\3_SNR-comparison-detectors\SNR-final-combined\HR\ADF-STEM\STEM_28kV_100ns_001_001.tif,ADF-STEM,28,100.0,10.237052695338948,10.531097076169132,HR
28,..\data\3_SNR-comparison-detectors\SNR-final-combined\HR\ADF-STEM\STEM_28kV_200ns_001_000.tif,ADF-STEM,28,200.0,2.844457918142038,2.5238856222244914,HR
29,..\data\3_SNR-comparison-detectors\SNR-final-combined\HR\ADF-STEM\STEM_28kV_200ns_001_001.tif,ADF-STEM,28,200.0,1.7856606309280876,1.6898388616933118,HR
30,..\data\3_SNR-comparison-detectors\SNR-final-combined\HR\ADF-STEM\STEM_28kV_200ns_002_000.tif,ADF-STEM,28,200.0,3.974212554820352,3.970327835018453,HR
31,..\data\3_SNR-comparison-detectors\SNR-final-combined\HR\ADF-STEM\STEM_28kV_200ns_002_001.tif,ADF-STEM,28,200.0,3.954272838009004,3.871843202526698,HR
44,..\data\3_SNR-comparison-detectors\SNR-final-combined\HR\ADF-STEM\STEM_28kV_300ns_001_000.tif,ADF-STEM,28,300.0,4.067362307154505,4.0251094167877355,HR
45,..\data\3_SNR-comparison-detectors\SNR-final-combined\HR\ADF-STEM\STEM_28kV_300ns_001_001.tif,ADF-STEM,28,300.0,5.123473107984913,5.052825693319297,HR
46,..\data\3_SNR-comparison-detectors\SNR-final-combined\HR\ADF-STEM\STEM_28kV_300ns_002_000.tif,ADF-STEM,28,300.0,5.039750553132624,4.964877156811932,HR
47,..\data\3_SNR-comparison-detectors\SNR-final-combined\HR\ADF-STEM\STEM_28kV_300ns_002_001.tif,ADF-STEM,28,300.0,5.053804630113754,4.922267126920195,HR
60,..\data\3_SNR-comparison-detectors\SNR-final-combined\HR\ADF-STEM\STEM_28kV_500ns_000.tif,ADF-STEM,28,500.0,7.431685521329118,7.053235336518117,HR
61,..\data\3_SNR-comparison-detectors\SNR-final-combined\HR\ADF-STEM\STEM_28kV_500ns_001.tif,ADF-STEM,28,500.0,7.192505112393726,6.125205663667607,HR
62,..\data\3_SNR-comparison-detectors\SNR-final-combined\HR\ADF-STEM\STEM_28kV_500ns_001_000.tif,ADF-STEM,28,500.0,7.562534274987888,5.739315917579969,HR
63,..\data\3_SNR-comparison-detectors\SNR-final-combined\HR\ADF-STEM\STEM_28kV_500ns_001_001.tif,ADF-STEM,28,500.0,5.863992532547139,5.122824318822221,HR
12,..\data\3_SNR-comparison-detectors\SNR-final-combined\HR\ADF-STEM\STEM_28kV_1000ns_000.tif,ADF-STEM,28,1000.0,11.056872601970474,10.04937239851663,HR
13,..\data\3_SNR-comparison-detectors\SNR-final-combined\HR\ADF-STEM\STEM_28kV_1000ns_001.tif,ADF-STEM,28,1000.0,10.785127994422927,9.924200728637047,HR
14,..\data\3_SNR-comparison-detectors\SNR-final-combined\HR\ADF-STEM\STEM_28kV_1000ns_001_000.tif,ADF-STEM,28,1000.0,11.125730704667813,10.580870260869666,HR
15,..\data\3_SNR-comparison-detectors\SNR-final-combined\HR\ADF-STEM\STEM_28kV_1000ns_001_001.tif,ADF-STEM,28,1000.0,10.267131326582353,9.514363752932752,HR
16,..\data\3_SNR-comparison-detectors\SNR-final-combined\HR\ADF-STEM\STEM_28kV_1000ns_001_002.tif,ADF-STEM,28,1000.0,10.528465939200812,9.739847192263348,HR
17,..\data\3_SNR-comparison-detectors\SNR-final-combined\HR\ADF-STEM\STEM_28kV_1000ns_001_003.tif,ADF-STEM,28,1000.0,9.447728910942574,8.99829536341741,HR
18,..\data\3_SNR-comparison-detectors\SNR-final-combined\HR\ADF-STEM\STEM_28kV_1000ns_001_004.tif,ADF-STEM,28,1000.0,9.969930487424937,8.726339277291375,HR
19,..\data\3_SNR-comparison-detectors\SNR-final-combined\HR\ADF-STEM\STEM_28kV_1000ns_001_005.tif,ADF-STEM,28,1000.0,11.214445133781268,10.867434120568191,HR
20,..\data\3_SNR-comparison-detectors\SNR-final-combined\HR\ADF-STEM\STEM_28kV_1000ns_002.tif,ADF-STEM,28,1000.0,10.76626024529644,10.143618340289613,HR
21,..\data\3_SNR-comparison-detectors\SNR-final-combined\HR\ADF-STEM\STEM_28kV_1000ns_003.tif,ADF-STEM,28,1000.0,10.91451348680205,10.405199232646229,HR
22,..\data\3_SNR-comparison-detectors\SNR-final-combined\HR\ADF-STEM\STEM_28kV_1000ns_004.tif,ADF-STEM,28,1000.0,13.873537553838364,13.561302171619484,HR
23,..\data\3_SNR-comparison-detectors\SNR-final-combined\HR\ADF-STEM\STEM_28kV_1000ns_005.tif,ADF-STEM,28,1000.0,13.69930625708923,13.05972798445595,HR
32,..\data\3_SNR-comparison-detectors\SNR-final-combined\HR\ADF-STEM\STEM_28kV_3000ns_001_000.tif,ADF-STEM,28,3000.0,9.681479452498351,8.652180091912772,HR
33,..\data\3_SNR-comparison-detectors\SNR-final-combined\HR\ADF-STEM\STEM_28kV_3000ns_001_001.tif,ADF-STEM,28,3000.0,8.62547234089305,7.102241510129096,HR
34,..\data\3_SNR-comparison-detectors\SNR-final-combined\HR\ADF-STEM\STEM_28kV_3000ns_001_002.tif,ADF-STEM,28,3000.0,14.57913965020986,13.61984365044706,HR
35,..\data\3_SNR-comparison-detectors\SNR-final-combined\HR\ADF-STEM\STEM_28kV_3000ns_001_003.tif,ADF-STEM,28,3000.0,16.14805808599397,9.504376847672074,HR
36,..\data\3_SNR-comparison-detectors\SNR-final-combined\HR\ADF-STEM\STEM_28kV_3000ns_001_004.tif,ADF-STEM,28,3000.0,20.228619272192336,18.774455851602337,HR
37,..\data\3_SNR-comparison-detectors\SNR-final-combined\HR\ADF-STEM\STEM_28kV_3000ns_001_005.tif,ADF-STEM,28,3000.0,21.605086246525026,14.857572626869388,HR
38,..\data\3_SNR-comparison-detectors\SNR-final-combined\HR\ADF-STEM\STEM_28kV_3000ns_002_000.tif,ADF-STEM,28,3000.0,17.49073947647507,14.776354944803622,HR
39,..\data\3_SNR-comparison-detectors\SNR-final-combined\HR\ADF-STEM\STEM_28kV_3000ns_002_001.tif,ADF-STEM,28,3000.0,17.75069093763642,16.04658133670126,HR
40,..\data\3_SNR-comparison-detectors\SNR-final-combined\HR\ADF-STEM\STEM_28kV_3000ns_002_002.tif,ADF-STEM,28,3000.0,15.898551155538879,13.498335219213768,HR
41,..\data\3_SNR-comparison-detectors\SNR-final-combined\HR\ADF-STEM\STEM_28kV_3000ns_002_003.tif,ADF-STEM,28,3000.0,16.072507278006412,15.42836967035393,HR
42,..\data\3_SNR-comparison-detectors\SNR-final-combined\HR\ADF-STEM\STEM_28kV_3000ns_002_004.tif,ADF-STEM,28,3000.0,28.561625730677914,11.893761186977171,HR
43,..\data\3_SNR-comparison-detectors\SNR-final-combined\HR\ADF-STEM\STEM_28kV_3000ns_002_005.tif,ADF-STEM,28,3000.0,22.812646798085606,10.575935342322943,HR
48,..\data\3_SNR-comparison-detectors\SNR-final-combined\HR\ADF-STEM\STEM_28kV_5000ns_001_000.tif,ADF-STEM,28,5000.0,28.85010510785637,26.923991687149794,HR
49,..\data\3_SNR-comparison-detectors\SNR-final-combined\HR\ADF-STEM\STEM_28kV_5000ns_001_001.tif,ADF-STEM,28,5000.0,15.179548233291273,13.878674309142937,HR
50,..\data\3_SNR-comparison-detectors\SNR-final-combined\HR\ADF-STEM\STEM_28kV_5000ns_001_002.tif,ADF-STEM,28,5000.0,24.621067924599533,22.577132811387784,HR
51,..\data\3_SNR-comparison-detectors\SNR-final-combined\HR\ADF-STEM\STEM_28kV_5000ns_001_003.tif,ADF-STEM,28,5000.0,18.78127820483919,17.721614328424685,HR
52,..\data\3_SNR-comparison-detectors\SNR-final-combined\HR\ADF-STEM\STEM_28kV_5000ns_001_004.tif,ADF-STEM,28,5000.0,25.89485038736956,23.014415408050535,HR
53,..\data\3_SNR-comparison-detectors\SNR-final-combined\HR\ADF-STEM\STEM_28kV_5000ns_001_005.tif,ADF-STEM,28,5000.0,32.79610692169738,23.12264939090763,HR
54,..\data\3_SNR-comparison-detectors\SNR-final-combined\HR\ADF-STEM\STEM_28kV_5000ns_002_000.tif,ADF-STEM,28,5000.0,23.221819899294566,21.761559932574023,HR
55,..\data\3_SNR-comparison-detectors\SNR-final-combined\HR\ADF-STEM\STEM_28kV_5000ns_002_001.tif,ADF-STEM,28,5000.0,22.57043816226066,19.43612073920699,HR
56,..\data\3_SNR-comparison-detectors\SNR-final-combined\HR\ADF-STEM\STEM_28kV_5000ns_002_002.tif,ADF-STEM,28,5000.0,18.42794742430554,15.391218012730254,HR
57,..\data\3_SNR-comparison-detectors\SNR-final-combined\HR\ADF-STEM\STEM_28kV_5000ns_002_003.tif,ADF-STEM,28,5000.0,18.182043891540562,16.28281063824076,HR
58,..\data\3_SNR-comparison-detectors\SNR-final-combined\HR\ADF-STEM\STEM_28kV_5000ns_002_004.tif,ADF-STEM,28,5000.0,24.33940781008984,22.236879307505845,HR
59,..\data\3_SNR-comparison-detectors\SNR-final-combined\HR\ADF-STEM\STEM_28kV_5000ns_002_005.tif,ADF-STEM,28,5000.0,15.50986514106939,13.58237656520023,HR
0,..\data\3_SNR-comparison-detectors\SNR-final-combined\HR\ADF-STEM\STEM_28kV_10000ns_001_000.tif,ADF-STEM,28,10000.0,30.507995711014313,20.946243340191117,HR
1,..\data\3_SNR-comparison-detectors\SNR-final-combined\HR\ADF-STEM\STEM_28kV_10000ns_001_001.tif,ADF-STEM,28,10000.0,25.44511666000709,21.658625221642986,HR
2,..\data\3_SNR-comparison-detectors\SNR-final-combined\HR\ADF-STEM\STEM_28kV_10000ns_001_002.tif,ADF-STEM,28,10000.0,31.953513078833865,27.9361400999173,HR
3,..\data\3_SNR-comparison-detectors\SNR-final-combined\HR\ADF-STEM\STEM_28kV_10000ns_001_003.tif,ADF-STEM,28,10000.0,20.77794397973785,18.815031624057703,HR
4,..\data\3_SNR-comparison-detectors\SNR-final-combined\HR\ADF-STEM\STEM_28kV_10000ns_001_004.tif,ADF-STEM,28,10000.0,45.338898644606836,35.55143668162682,HR
5,..\data\3_SNR-comparison-detectors\SNR-final-combined\HR\ADF-STEM\STEM_28kV_10000ns_001_005.tif,ADF-STEM,28,10000.0,44.75894517228156,31.078540227465083,HR
6,..\data\3_SNR-comparison-detectors\SNR-final-combined\HR\ADF-STEM\STEM_28kV_10000ns_002_000.tif,ADF-STEM,28,10000.0,34.329324642474894,29.052331385858388,HR
7,..\data\3_SNR-comparison-detectors\SNR-final-combined\HR\ADF-STEM\STEM_28kV_10000ns_002_001.tif,ADF-STEM,28,10000.0,35.407567195995604,27.739407323493552,HR
8,..\data\3_SNR-comparison-detectors\SNR-final-combined\HR\ADF-STEM\STEM_28kV_10000ns_002_002.tif,ADF-STEM,28,10000.0,28.39352503035977,24.689105774674697,HR
9,..\data\3_SNR-comparison-detectors\SNR-final-combined\HR\ADF-STEM\STEM_28kV_10000ns_002_003.tif,ADF-STEM,28,10000.0,30.36058439831969,27.12053217756408,HR
10,..\data\3_SNR-comparison-detectors\SNR-final-combined\HR\ADF-STEM\STEM_28kV_10000ns_002_004.tif,ADF-STEM,28,10000.0,40.005779728666255,28.284923509027976,HR
11,..\data\3_SNR-comparison-detectors\SNR-final-combined\HR\ADF-STEM\STEM_28kV_10000ns_002_005.tif,ADF-STEM,28,10000.0,69.86999069500527,56.70467417406037,HR
76,..\data\3_SNR-comparison-detectors\SNR-final-combined\HR\BSD\BSE_1.5kV_100ns_001.tif,BSD,1.5,100.0,0.008967838033004272,0.05112332476318033,HR
77,..\data\3_SNR-comparison-detectors\SNR-final-combined\HR\BSD\BSE_1.5kV_100ns_002.tif,BSD,1.5,100.0,-0.024424677639878545,0.008157532407385093,HR
78,..\data\3_SNR-comparison-detectors\SNR-final-combined\HR\BSD\BSE_1.5kV_100ns_003.tif,BSD,1.5,100.0,-0.0018349520072039605,0.04031184213165978,HR
79,..\data\3_SNR-comparison-detectors\SNR-final-combined\HR\BSD\BSE_1.5kV_100ns_004.tif,BSD,1.5,100.0,-0.0067631510525614225,0.03715322795957708,HR
80,..\data\3_SNR-comparison-detectors\SNR-final-combined\HR\BSD\BSE_1.5kV_100ns_005.tif,BSD,1.5,100.0,0.0008242281322226042,0.04291773841372808,HR
81,..\data\3_SNR-comparison-detectors\SNR-final-combined\HR\BSD\BSE_1.5kV_100ns_006.tif,BSD,1.5,100.0,-0.006111134459559853,0.037138450601813436,HR
82,..\data\3_SNR-comparison-detectors\SNR-final-combined\HR\BSD\BSE_1.5kV_100ns_007.tif,BSD,1.5,100.0,0.006611995349705357,0.047612633725496546,HR
83,..\data\3_SNR-comparison-detectors\SNR-final-combined\HR\BSD\BSE_1.5kV_200ns_001.tif,BSD,1.5,200.0,-0.0021817372629187037,-0.00151766349964877,HR
84,..\data\3_SNR-comparison-detectors\SNR-final-combined\HR\BSD\BSE_1.5kV_200ns_002.tif,BSD,1.5,200.0,-0.0006714517066906955,4.240641675271847e-05,HR
85,..\data\3_SNR-comparison-detectors\SNR-final-combined\HR\BSD\BSE_1.5kV_200ns_003.tif,BSD,1.5,200.0,-0.0005277594652729478,0.0001506099016648488,HR
86,..\data\3_SNR-comparison-detectors\SNR-final-combined\HR\BSD\BSE_1.5kV_200ns_004.tif,BSD,1.5,200.0,0.0007137676840334173,0.0013643461744544591,HR
87,..\data\3_SNR-comparison-detectors\SNR-final-combined\HR\BSD\BSE_1.5kV_200ns_005.tif,BSD,1.5,200.0,-0.0002822562441098242,0.0005360523890806944,HR
88,..\data\3_SNR-comparison-detectors\SNR-final-combined\HR\BSD\BSE_1.5kV_200ns_006.tif,BSD,1.5,200.0,-0.0027515411739733042,-0.0020599677959873535,HR
254,..\data\3_SNR-comparison-detectors\SNR-final-combined\UHR\BSD\BSD_1.5kV_200ns_.tif,BSD,1.5,200.0,0.0016311942080673436,0.002209488109253775,UHR
255,..\data\3_SNR-comparison-detectors\SNR-final-combined\UHR\BSD\BSD_1.5kV_200ns_001.tif,BSD,1.5,200.0,0.0011102468864582216,0.0018823523055151508,UHR
256,..\data\3_SNR-comparison-detectors\SNR-final-combined\UHR\BSD\BSD_1.5kV_200ns_002.tif,BSD,1.5,200.0,0.0016079427682721414,0.0024011355300064515,UHR
257,..\data\3_SNR-comparison-detectors\SNR-final-combined\UHR\BSD\BSD_1.5kV_200ns_003.tif,BSD,1.5,200.0,0.0014193227314331924,0.002155672390314281,UHR
258,..\data\3_SNR-comparison-detectors\SNR-final-combined\UHR\BSD\BSD_1.5kV_200ns_004.tif,BSD,1.5,200.0,0.0032825820339499323,0.0037572954604805503,UHR
94,..\data\3_SNR-comparison-detectors\SNR-final-combined\HR\BSD\BSE_1.5kV_300ns_001.tif,BSD,1.5,300.0,-0.00017581956533235799,0.00040920792466908043,HR
95,..\data\3_SNR-comparison-detectors\SNR-final-combined\HR\BSD\BSE_1.5kV_300ns_002.tif,BSD,1.5,300.0,0.0004207681069515745,0.001055858918016977,HR
96,..\data\3_SNR-comparison-detectors\SNR-final-combined\HR\BSD\BSE_1.5kV_300ns_003.tif,BSD,1.5,300.0,0.001122086078027329,0.0017366660658435621,HR
97,..\data\3_SNR-comparison-detectors\SNR-final-combined\HR\BSD\BSE_1.5kV_300ns_004.tif,BSD,1.5,300.0,0.0001109682559927716,0.0005461325348864295,HR
98,..\data\3_SNR-comparison-detectors\SNR-final-combined\HR\BSD\BSE_1.5kV_300ns_005.tif,BSD,1.5,300.0,0.0015121365096323336,0.0020556878190500956,HR
99,..\data\3_SNR-comparison-detectors\SNR-final-combined\HR\BSD\BSE_1.5kV_300ns_006.tif,BSD,1.5,300.0,0.0007523687137263035,0.0014566179043802648,HR
264,..\data\3_SNR-comparison-detectors\SNR-final-combined\UHR\BSD\BSD_1.5kV_300ns_.tif,BSD,1.5,300.0,0.0013550785574734103,0.0018170369039597785,UHR
265,..\data\3_SNR-comparison-detectors\SNR-final-combined\UHR\BSD\BSD_1.5kV_300ns_001.tif,BSD,1.5,300.0,0.0015649305485460063,0.0022789534181639334,UHR
266,..\data\3_SNR-comparison-detectors\SNR-final-combined\UHR\BSD\BSD_1.5kV_300ns_002.tif,BSD,1.5,300.0,0.0008826636815796318,0.0014994011120747844,UHR
267,..\data\3_SNR-comparison-detectors\SNR-final-combined\UHR\BSD\BSD_1.5kV_300ns_003.tif,BSD,1.5,300.0,0.0002536702365183441,-4.9497848701837883e-08,UHR
268,..\data\3_SNR-comparison-detectors\SNR-final-combined\UHR\BSD\BSD_1.5kV_300ns_004.tif,BSD,1.5,300.0,0.0003987252803955288,0.0010242124663455995,UHR
106,..\data\3_SNR-comparison-detectors\SNR-final-combined\HR\BSD\BSE_1.5kV_500ns_001.tif,BSD,1.5,500.0,0.0007558577862282201,0.00134554054972617,HR
107,..\data\3_SNR-comparison-detectors\SNR-final-combined\HR\BSD\BSE_1.5kV_500ns_002.tif,BSD,1.5,500.0,0.0036429558881462265,0.003282734409078644,HR
108,..\data\3_SNR-comparison-detectors\SNR-final-combined\HR\BSD\BSE_1.5kV_500ns_003.tif,BSD,1.5,500.0,0.0010483593008768777,0.0017709408080486932,HR
109,..\data\3_SNR-comparison-detectors\SNR-final-combined\HR\BSD\BSE_1.5kV_500ns_004.tif,BSD,1.5,500.0,-0.00021597677794032988,0.00036892904111229786,HR
110,..\data\3_SNR-comparison-detectors\SNR-final-combined\HR\BSD\BSE_1.5kV_500ns_005.tif,BSD,1.5,500.0,0.0035996063657421917,0.003748481226304275,HR
111,..\data\3_SNR-comparison-detectors\SNR-final-combined\HR\BSD\BSE_1.5kV_500ns_006.tif,BSD,1.5,500.0,-0.0009732501883567002,-0.0003502552329408816,HR
274,..\data\3_SNR-comparison-detectors\SNR-final-combined\UHR\BSD\BSD_1.5kV_500ns_.tif,BSD,1.5,500.0,0.0023876713187284127,0.0031252026479787944,UHR
275,..\data\3_SNR-comparison-detectors\SNR-final-combined\UHR\BSD\BSD_1.5kV_500ns_001.tif,BSD,1.5,500.0,0.01118235925114075,0.011157941608934609,UHR
276,..\data\3_SNR-comparison-detectors\SNR-final-combined\UHR\BSD\BSD_1.5kV_500ns_002.tif,BSD,1.5,500.0,0.002441134123986388,0.0028049956240608635,UHR
277,..\data\3_SNR-comparison-detectors\SNR-final-combined\UHR\BSD\BSD_1.5kV_500ns_003.tif,BSD,1.5,500.0,0.004063212242596204,0.004425189105308182,UHR
278,..\data\3_SNR-comparison-detectors\SNR-final-combined\UHR\BSD\BSD_1.5kV_500ns_004.tif,BSD,1.5,500.0,0.006759966738328904,0.007192334064124225,UHR
70,..\data\3_SNR-comparison-detectors\SNR-final-combined\HR\BSD\BSE_1.5kV_1000ns_002.tif,BSD,1.5,1000.0,0.03330299070993725,0.02139687458683737,HR
71,..\data\3_SNR-comparison-detectors\SNR-final-combined\HR\BSD\BSE_1.5kV_1000ns_003.tif,BSD,1.5,1000.0,0.03642584941464666,0.023423284770440984,HR
72,..\data\3_SNR-comparison-detectors\SNR-final-combined\HR\BSD\BSE_1.5kV_1000ns_004.tif,BSD,1.5,1000.0,0.03443700137579209,0.03421729219037802,HR
73,..\data\3_SNR-comparison-detectors\SNR-final-combined\HR\BSD\BSE_1.5kV_1000ns_005.tif,BSD,1.5,1000.0,0.04631582700825787,0.044537340397545505,HR
74,..\data\3_SNR-comparison-detectors\SNR-final-combined\HR\BSD\BSE_1.5kV_1000ns_006.tif,BSD,1.5,1000.0,0.06283491131229557,0.041581778347753645,HR
75,..\data\3_SNR-comparison-detectors\SNR-final-combined\HR\BSD\BSE_1.5kV_1000ns_007.tif,BSD,1.5,1000.0,0.043301727336682694,0.04228364943555388,HR
249,..\data\3_SNR-comparison-detectors\SNR-final-combined\UHR\BSD\BSD_1.5kV_1000ns_.tif,BSD,1.5,1000.0,0.05134091210804892,0.0478208624223201,UHR
250,..\data\3_SNR-comparison-detectors\SNR-final-combined\UHR\BSD\BSD_1.5kV_1000ns_001.tif,BSD,1.5,1000.0,0.05105187516512577,0.05015232983164945,UHR
251,..\data\3_SNR-comparison-detectors\SNR-final-combined\UHR\BSD\BSD_1.5kV_1000ns_002.tif,BSD,1.5,1000.0,0.034116908444150607,0.03290548007649486,UHR
252,..\data\3_SNR-comparison-detectors\SNR-final-combined\UHR\BSD\BSD_1.5kV_1000ns_003.tif,BSD,1.5,1000.0,0.0251842065439567,0.02469635812341041,UHR
253,..\data\3_SNR-comparison-detectors\SNR-final-combined\UHR\BSD\BSD_1.5kV_1000ns_004.tif,BSD,1.5,1000.0,0.017649148309969664,0.016710393011504406,UHR
89,..\data\3_SNR-comparison-detectors\SNR-final-combined\HR\BSD\BSE_1.5kV_3000ns_001.tif,BSD,1.5,3000.0,1.120828603802577,1.0476298559372357,HR
90,..\data\3_SNR-comparison-detectors\SNR-final-combined\HR\BSD\BSE_1.5kV_3000ns_002.tif,BSD,1.5,3000.0,0.5762517096992019,0.5676559394456117,HR
91,..\data\3_SNR-comparison-detectors\SNR-final-combined\HR\BSD\BSE_1.5kV_3000ns_003.tif,BSD,1.5,3000.0,0.06857114150812649,0.06506128646545882,HR
92,..\data\3_SNR-comparison-detectors\SNR-final-combined\HR\BSD\BSE_1.5kV_3000ns_005.tif,BSD,1.5,3000.0,0.3373242143799987,0.31198443351228405,HR
93,..\data\3_SNR-comparison-detectors\SNR-final-combined\HR\BSD\BSE_1.5kV_3000ns_006.tif,BSD,1.5,3000.0,0.2114380850995451,0.18055998153252675,HR
259,..\data\3_SNR-comparison-detectors\SNR-final-combined\UHR\BSD\BSD_1.5kV_3000ns_.tif,BSD,1.5,3000.0,0.21523797496247532,0.19521252177391502,UHR
260,..\data\3_SNR-comparison-detectors\SNR-final-combined\UHR\BSD\BSD_1.5kV_3000ns_001.tif,BSD,1.5,3000.0,0.24158087981240262,0.20296844095191185,UHR
261,..\data\3_SNR-comparison-detectors\SNR-final-combined\UHR\BSD\BSD_1.5kV_3000ns_002.tif,BSD,1.5,3000.0,0.3258249373631418,0.3065141614563721,UHR
262,..\data\3_SNR-comparison-detectors\SNR-final-combined\UHR\BSD\BSD_1.5kV_3000ns_003.tif,BSD,1.5,3000.0,0.6261834503186077,0.5918481390213222,UHR
263,..\data\3_SNR-comparison-detectors\SNR-final-combined\UHR\BSD\BSD_1.5kV_3000ns_004.tif,BSD,1.5,3000.0,0.4464331966647853,0.42378362250063717,UHR
100,..\data\3_SNR-comparison-detectors\SNR-final-combined\HR\BSD\BSE_1.5kV_5000ns_001.tif,BSD,1.5,5000.0,0.7099131490006134,0.6809859974122908,HR
101,..\data\3_SNR-comparison-detectors\SNR-final-combined\HR\BSD\BSE_1.5kV_5000ns_002.tif,BSD,1.5,5000.0,0.38996085909346634,0.3457415192242356,HR
102,..\data\3_SNR-comparison-detectors\SNR-final-combined\HR\BSD\BSE_1.5kV_5000ns_003.tif,BSD,1.5,5000.0,0.7690770712228765,0.7125264948047841,HR
103,..\data\3_SNR-comparison-detectors\SNR-final-combined\HR\BSD\BSE_1.5kV_5000ns_004.tif,BSD,1.5,5000.0,0.5166456695080086,0.5099606362673459,HR
104,..\data\3_SNR-comparison-detectors\SNR-final-combined\HR\BSD\BSE_1.5kV_5000ns_005.tif,BSD,1.5,5000.0,0.916987514645756,0.6984730914282159,HR
105,..\data\3_SNR-comparison-detectors\SNR-final-combined\HR\BSD\BSE_1.5kV_5000ns_006.tif,BSD,1.5,5000.0,2.0213188621275346,1.9681007729337396,HR
269,..\data\3_SNR-comparison-detectors\SNR-final-combined\UHR\BSD\BSD_1.5kV_5000ns_.tif,BSD,1.5,5000.0,0.5122199421348193,0.4701280043535166,UHR
270,..\data\3_SNR-comparison-detectors\SNR-final-combined\UHR\BSD\BSD_1.5kV_5000ns_001.tif,BSD,1.5,5000.0,0.4240735746130986,0.3924986952633963,UHR
271,..\data\3_SNR-comparison-detectors\SNR-final-combined\UHR\BSD\BSD_1.5kV_5000ns_002.tif,BSD,1.5,5000.0,0.9925749246953768,0.9008886064052803,UHR
272,..\data\3_SNR-comparison-detectors\SNR-final-combined\UHR\BSD\BSD_1.5kV_5000ns_003.tif,BSD,1.5,5000.0,1.241074813031324,1.2195502224112358,UHR
273,..\data\3_SNR-comparison-detectors\SNR-final-combined\UHR\BSD\BSD_1.5kV_5000ns_004.tif,BSD,1.5,5000.0,0.690472932044959,0.6527402441612336,UHR
64,..\data\3_SNR-comparison-detectors\SNR-final-combined\HR\BSD\BSE_1.5kV_10000ns_001.tif,BSD,1.5,10000.0,4.778614572766621,4.7263038353063935,HR
65,..\data\3_SNR-comparison-detectors\SNR-final-combined\HR\BSD\BSE_1.5kV_10000ns_002.tif,BSD,1.5,10000.0,3.329148912481972,2.3164064865489284,HR
66,..\data\3_SNR-comparison-detectors\SNR-final-combined\HR\BSD\BSE_1.5kV_10000ns_003.tif,BSD,1.5,10000.0,5.000378959651624,3.1978934494772298,HR
67,..\data\3_SNR-comparison-detectors\SNR-final-combined\HR\BSD\BSE_1.5kV_10000ns_004.tif,BSD,1.5,10000.0,3.836930590458979,3.679499486664151,HR
68,..\data\3_SNR-comparison-detectors\SNR-final-combined\HR\BSD\BSE_1.5kV_10000ns_005.tif,BSD,1.5,10000.0,0.9533583856496772,0.8629832729102903,HR
69,..\data\3_SNR-comparison-detectors\SNR-final-combined\HR\BSD\BSE_1.5kV_10000ns_006.tif,BSD,1.5,10000.0,1.9918665722934281,1.832042564966167,HR
244,..\data\3_SNR-comparison-detectors\SNR-final-combined\UHR\BSD\BSD_1.5kV_10000ns_.tif,BSD,1.5,10000.0,1.3439670601636753,1.0307316675772635,UHR
245,..\data\3_SNR-comparison-detectors\SNR-final-combined\UHR\BSD\BSD_1.5kV_10000ns_001.tif,BSD,1.5,10000.0,1.5754197758366302,1.421049919529892,UHR
246,..\data\3_SNR-comparison-detectors\SNR-final-combined\UHR\BSD\BSD_1.5kV_10000ns_002.tif,BSD,1.5,10000.0,1.033345211715853,0.9841912403928577,UHR
247,..\data\3_SNR-comparison-detectors\SNR-final-combined\UHR\BSD\BSD_1.5kV_10000ns_003.tif,BSD,1.5,10000.0,1.2897400937357653,1.196464280429625,UHR
248,..\data\3_SNR-comparison-detectors\SNR-final-combined\UHR\BSD\BSD_1.5kV_10000ns_004.tif,BSD,1.5,10000.0,1.1001539748823372,1.0835126582001633,UHR
125,..\data\3_SNR-comparison-detectors\SNR-final-combined\HR\BSD-SB\BSE-SB_1.5kV_100ns_001.tif,BSD-SB,1.5,100.0,-0.007549532034000717,0.011169061064093676,HR
126,..\data\3_SNR-comparison-detectors\SNR-final-combined\HR\BSD-SB\BSE-SB_1.5kV_100ns_002.tif,BSD-SB,1.5,100.0,0.005512589325738282,0.02701311756138854,HR
127,..\data\3_SNR-comparison-detectors\SNR-final-combined\HR\BSD-SB\BSE-SB_1.5kV_100ns_003.tif,BSD-SB,1.5,100.0,0.008612142296106406,0.03018446711430386,HR
128,..\data\3_SNR-comparison-detectors\SNR-final-combined\HR\BSD-SB\BSE-SB_1.5kV_100ns_004.tif,BSD-SB,1.5,100.0,0.00299303795093786,0.025514895291213074,HR
129,..\data\3_SNR-comparison-detectors\SNR-final-combined\HR\BSD-SB\BSE-SB_1.5kV_100ns_005.tif,BSD-SB,1.5,100.0,-0.0006487267058714608,0.020699441700092813,HR
130,..\data\3_SNR-comparison-detectors\SNR-final-combined\HR\BSD-SB\BSE-SB_1.5kV_100ns_006.tif,BSD-SB,1.5,100.0,-0.0011180765222870148,0.019048464968980286,HR
131,..\data\3_SNR-comparison-detectors\SNR-final-combined\HR\BSD-SB\BSE-SB_1.5kV_100ns_007.tif,BSD-SB,1.5,100.0,0.006355070939486618,0.02682173860363136,HR
132,..\data\3_SNR-comparison-detectors\SNR-final-combined\HR\BSD-SB\BSE-SB_1.5kV_200ns_001.tif,BSD-SB,1.5,200.0,0.0011983397173930266,0.001954551051889806,HR
133,..\data\3_SNR-comparison-detectors\SNR-final-combined\HR\BSD-SB\BSE-SB_1.5kV_200ns_002.tif,BSD-SB,1.5,200.0,0.002537203378770392,0.00297412902911697,HR
134,..\data\3_SNR-comparison-detectors\SNR-final-combined\HR\BSD-SB\BSE-SB_1.5kV_200ns_003.tif,BSD-SB,1.5,200.0,0.007162911360284352,0.007612600463885897,HR
135,..\data\3_SNR-comparison-detectors\SNR-final-combined\HR\BSD-SB\BSE-SB_1.5kV_200ns_004.tif,BSD-SB,1.5,200.0,-0.004678731839565853,-0.004051901046121436,HR
136,..\data\3_SNR-comparison-detectors\SNR-final-combined\HR\BSD-SB\BSE-SB_1.5kV_200ns_005.tif,BSD-SB,1.5,200.0,0.006269717503726846,0.0069207687452144985,HR
137,..\data\3_SNR-comparison-detectors\SNR-final-combined\HR\BSD-SB\BSE-SB_1.5kV_200ns_006.tif,BSD-SB,1.5,200.0,0.006373093213460912,0.0065084489759628895,HR
289,..\data\3_SNR-comparison-detectors\SNR-final-combined\UHR\BSD-SB\BSD-SB_1.5kV_200ns_.tif,BSD-SB,1.5,200.0,0.016021141015252316,0.016149607423642673,UHR
290,..\data\3_SNR-comparison-detectors\SNR-final-combined\UHR\BSD-SB\BSD-SB_1.5kV_200ns_001.tif,BSD-SB,1.5,200.0,0.014976418258797253,0.01477176124651809,UHR
291,..\data\3_SNR-comparison-detectors\SNR-final-combined\UHR\BSD-SB\BSD-SB_1.5kV_200ns_002.tif,BSD-SB,1.5,200.0,0.014027137346323104,0.014125114690066588,UHR
292,..\data\3_SNR-comparison-detectors\SNR-final-combined\UHR\BSD-SB\BSD-SB_1.5kV_200ns_003.tif,BSD-SB,1.5,200.0,0.014523468714410126,0.014531320819423862,UHR
293,..\data\3_SNR-comparison-detectors\SNR-final-combined\UHR\BSD-SB\BSD-SB_1.5kV_200ns_004.tif,BSD-SB,1.5,200.0,0.027643108953275153,0.026293181446714334,UHR
145,..\data\3_SNR-comparison-detectors\SNR-final-combined\HR\BSD-SB\BSE-SB_1.5kV_300ns_001.tif,BSD-SB,1.5,300.0,0.03205580700858268,0.03044414846471299,HR
146,..\data\3_SNR-comparison-detectors\SNR-final-combined\HR\BSD-SB\BSE-SB_1.5kV_300ns_002.tif,BSD-SB,1.5,300.0,0.037238791472345545,0.03357748745034187,HR
147,..\data\3_SNR-comparison-detectors\SNR-final-combined\HR\BSD-SB\BSE-SB_1.5kV_300ns_003.tif,BSD-SB,1.5,300.0,0.013576576917671224,0.013632733128590827,HR
148,..\data\3_SNR-comparison-detectors\SNR-final-combined\HR\BSD-SB\BSE-SB_1.5kV_300ns_004.tif,BSD-SB,1.5,300.0,0.01590709654774336,0.015458783276350413,HR
149,..\data\3_SNR-comparison-detectors\SNR-final-combined\HR\BSD-SB\BSE-SB_1.5kV_300ns_005.tif,BSD-SB,1.5,300.0,0.022212625522207596,0.021563675082243435,HR
150,..\data\3_SNR-comparison-detectors\SNR-final-combined\HR\BSD-SB\BSE-SB_1.5kV_300ns_006.tif,BSD-SB,1.5,300.0,0.007604862151056491,0.00795330753262642,HR
299,..\data\3_SNR-comparison-detectors\SNR-final-combined\UHR\BSD-SB\BSD-SB_1.5kV_300ns_.tif,BSD-SB,1.5,300.0,0.06321544807841373,0.05711639760577469,UHR
300,..\data\3_SNR-comparison-detectors\SNR-final-combined\UHR\BSD-SB\BSD-SB_1.5kV_300ns_001.tif,BSD-SB,1.5,300.0,0.062169437893948354,0.06001756475943422,UHR
301,..\data\3_SNR-comparison-detectors\SNR-final-combined\UHR\BSD-SB\BSD-SB_1.5kV_300ns_002.tif,BSD-SB,1.5,300.0,0.05156896741098782,0.047887594705573924,UHR
302,..\data\3_SNR-comparison-detectors\SNR-final-combined\UHR\BSD-SB\BSD-SB_1.5kV_300ns_003.tif,BSD-SB,1.5,300.0,0.08970770819352392,0.08734206762401989,UHR
303,..\data\3_SNR-comparison-detectors\SNR-final-combined\UHR\BSD-SB\BSD-SB_1.5kV_300ns_004.tif,BSD-SB,1.5,300.0,0.0865955502338811,0.08467804831751956,UHR
158,..\data\3_SNR-comparison-detectors\SNR-final-combined\HR\BSD-SB\BSE-SB_1.5kV_500ns_001.tif,BSD-SB,1.5,500.0,0.04571543495902097,0.03337899140351786,HR
159,..\data\3_SNR-comparison-detectors\SNR-final-combined\HR\BSD-SB\BSE-SB_1.5kV_500ns_002.tif,BSD-SB,1.5,500.0,0.16818538997239685,0.1638228392393073,HR
160,..\data\3_SNR-comparison-detectors\SNR-final-combined\HR\BSD-SB\BSE-SB_1.5kV_500ns_003.tif,BSD-SB,1.5,500.0,0.1367301113917715,0.11903065163132781,HR
161,..\data\3_SNR-comparison-detectors\SNR-final-combined\HR\BSD-SB\BSE-SB_1.5kV_500ns_004.tif,BSD-SB,1.5,500.0,0.17809461589870468,0.17159291276160527,HR
162,..\data\3_SNR-comparison-detectors\SNR-final-combined\HR\BSD-SB\BSE-SB_1.5kV_500ns_005.tif,BSD-SB,1.5,500.0,0.2044272393823866,0.18072434413337443,HR
163,..\data\3_SNR-comparison-detectors\SNR-final-combined\HR\BSD-SB\BSE-SB_1.5kV_500ns_006.tif,BSD-SB,1.5,500.0,0.11221711986648208,0.10915162531470272,HR
309,..\data\3_SNR-comparison-detectors\SNR-final-combined\UHR\BSD-SB\BSD-SB_1.5kV_500ns.tif,BSD-SB,1.5,500.0,0.39160037594063657,0.38334174553055883,UHR
310,..\data\3_SNR-comparison-detectors\SNR-final-combined\UHR\BSD-SB\BSD-SB_1.5kV_500ns_001.tif,BSD-SB,1.5,500.0,0.305889434958043,0.2905071069359441,UHR
311,..\data\3_SNR-comparison-detectors\SNR-final-combined\UHR\BSD-SB\BSD-SB_1.5kV_500ns_002.tif,BSD-SB,1.5,500.0,0.35503556430772665,0.3303113564664599,UHR
312,..\data\3_SNR-comparison-detectors\SNR-final-combined\UHR\BSD-SB\BSD-SB_1.5kV_500ns_003.tif,BSD-SB,1.5,500.0,0.28085897501129786,0.2789245700335561,UHR
313,..\data\3_SNR-comparison-detectors\SNR-final-combined\UHR\BSD-SB\BSD-SB_1.5kV_500ns_004.tif,BSD-SB,1.5,500.0,0.24326213092306914,0.2237998728209724,UHR
118,..\data\3_SNR-comparison-detectors\SNR-final-combined\HR\BSD-SB\BSE-SB_1.5kV_1000ns_01.tif,BSD-SB,1.5,1000.0,1.1630791634996571,0.9128586394099476,HR
119,..\data\3_SNR-comparison-detectors\SNR-final-combined\HR\BSD-SB\BSE-SB_1.5kV_1000ns_02.tif,BSD-SB,1.5,1000.0,0.2872592111708834,0.2831781132160729,HR
120,..\data\3_SNR-comparison-detectors\SNR-final-combined\HR\BSD-SB\BSE-SB_1.5kV_1000ns_03.tif,BSD-SB,1.5,1000.0,1.1406318413471797,0.9149207971350496,HR
121,..\data\3_SNR-comparison-detectors\SNR-final-combined\HR\BSD-SB\BSE-SB_1.5kV_1000ns_04.tif,BSD-SB,1.5,1000.0,0.8250906443132613,0.7938588873743037,HR
122,..\data\3_SNR-comparison-detectors\SNR-final-combined\HR\BSD-SB\BSE-SB_1.5kV_1000ns_05.tif,BSD-SB,1.5,1000.0,0.9320195657631849,0.8680328832313033,HR
123,..\data\3_SNR-comparison-detectors\SNR-final-combined\HR\BSD-SB\BSE-SB_1.5kV_1000ns_08.tif,BSD-SB,1.5,1000.0,1.1852450432257051,1.141451066355807,HR
124,..\data\3_SNR-comparison-detectors\SNR-final-combined\HR\BSD-SB\BSE-SB_1.5kV_1000ns_10.tif,BSD-SB,1.5,1000.0,0.4375304484504401,0.41027784459983785,HR
284,..\data\3_SNR-comparison-detectors\SNR-final-combined\UHR\BSD-SB\BSD-SB_1.5kV_1000ns.tif,BSD-SB,1.5,1000.0,2.3103308973628143,2.0658312773008545,UHR
285,..\data\3_SNR-comparison-detectors\SNR-final-combined\UHR\BSD-SB\BSD-SB_1.5kV_1000ns_001.tif,BSD-SB,1.5,1000.0,1.6578140658016927,1.6178182241002044,UHR
286,..\data\3_SNR-comparison-detectors\SNR-final-combined\UHR\BSD-SB\BSD-SB_1.5kV_1000ns_002.tif,BSD-SB,1.5,1000.0,2.243709993234862,2.1636386704846,UHR
287,..\data\3_SNR-comparison-detectors\SNR-final-combined\UHR\BSD-SB\BSD-SB_1.5kV_1000ns_003.tif,BSD-SB,1.5,1000.0,2.292876056599668,2.1998652665232146,UHR
288,..\data\3_SNR-comparison-detectors\SNR-final-combined\UHR\BSD-SB\BSD-SB_1.5kV_1000ns_004.tif,BSD-SB,1.5,1000.0,2.760638615008156,2.662647382084441,UHR
138,..\data\3_SNR-comparison-detectors\SNR-final-combined\HR\BSD-SB\BSE-SB_1.5kV_3000ns_001.tif,BSD-SB,1.5,3000.0,4.672871580239948,4.107265884173702,HR
139,..\data\3_SNR-comparison-detectors\SNR-final-combined\HR\BSD-SB\BSE-SB_1.5kV_3000ns_002.tif,BSD-SB,1.5,3000.0,5.610904607015455,4.9088736596059475,HR
140,..\data\3_SNR-comparison-detectors\SNR-final-combined\HR\BSD-SB\BSE-SB_1.5kV_3000ns_003.tif,BSD-SB,1.5,3000.0,3.2034371146831817,3.0683741585412125,HR
141,..\data\3_SNR-comparison-detectors\SNR-final-combined\HR\BSD-SB\BSE-SB_1.5kV_3000ns_005.tif,BSD-SB,1.5,3000.0,4.17467305211875,4.157073164423629,HR
142,..\data\3_SNR-comparison-detectors\SNR-final-combined\HR\BSD-SB\BSE-SB_1.5kV_3000ns_006.tif,BSD-SB,1.5,3000.0,6.79295379276194,6.278524005824639,HR
143,..\data\3_SNR-comparison-detectors\SNR-final-combined\HR\BSD-SB\BSE-SB_1.5kV_3000ns_009.tif,BSD-SB,1.5,3000.0,5.187321228741073,4.49985645449656,HR
144,..\data\3_SNR-comparison-detectors\SNR-final-combined\HR\BSD-SB\BSE-SB_1.5kV_3000ns_010.tif,BSD-SB,1.5,3000.0,1.0633719642617336,1.0018441550047217,HR
294,..\data\3_SNR-comparison-detectors\SNR-final-combined\UHR\BSD-SB\BSD-SB_1.5kV_3000ns.tif,BSD-SB,1.5,3000.0,16.10165444713431,15.484334220946938,UHR
295,..\data\3_SNR-comparison-detectors\SNR-final-combined\UHR\BSD-SB\BSD-SB_1.5kV_3000ns_001.tif,BSD-SB,1.5,3000.0,12.214097621261065,11.326837872562646,UHR
296,..\data\3_SNR-comparison-detectors\SNR-final-combined\UHR\BSD-SB\BSD-SB_1.5kV_3000ns_002.tif,BSD-SB,1.5,3000.0,8.6543353432338,8.34649705773453,UHR
297,..\data\3_SNR-comparison-detectors\SNR-final-combined\UHR\BSD-SB\BSD-SB_1.5kV_3000ns_003.tif,BSD-SB,1.5,3000.0,10.689014340556247,10.136050505695803,UHR
298,..\data\3_SNR-comparison-detectors\SNR-final-combined\UHR\BSD-SB\BSD-SB_1.5kV_3000ns_004.tif,BSD-SB,1.5,3000.0,12.55755744611256,11.538688351872414,UHR
151,..\data\3_SNR-comparison-detectors\SNR-final-combined\HR\BSD-SB\BSE-SB_1.5kV_5000ns_001.tif,BSD-SB,1.5,5000.0,7.918767825497159,7.27137238682539,HR
152,..\data\3_SNR-comparison-detectors\SNR-final-combined\HR\BSD-SB\BSE-SB_1.5kV_5000ns_002.tif,BSD-SB,1.5,5000.0,10.553762874779173,9.858862839410751,HR
153,..\data\3_SNR-comparison-detectors\SNR-final-combined\HR\BSD-SB\BSE-SB_1.5kV_5000ns_003.tif,BSD-SB,1.5,5000.0,5.844051694398002,5.658216781518883,HR
154,..\data\3_SNR-comparison-detectors\SNR-final-combined\HR\BSD-SB\BSE-SB_1.5kV_5000ns_004.tif,BSD-SB,1.5,5000.0,9.45176173655769,7.446463390782709,HR
155,..\data\3_SNR-comparison-detectors\SNR-final-combined\HR\BSD-SB\BSE-SB_1.5kV_5000ns_005.tif,BSD-SB,1.5,5000.0,11.291862658423788,10.770345476065382,HR
156,..\data\3_SNR-comparison-detectors\SNR-final-combined\HR\BSD-SB\BSE-SB_1.5kV_5000ns_006.tif,BSD-SB,1.5,5000.0,3.244096547955417,2.9634995545419414,HR
157,..\data\3_SNR-comparison-detectors\SNR-final-combined\HR\BSD-SB\BSE-SB_1.5kV_5000ns_007.tif,BSD-SB,1.5,5000.0,8.122855853690284,7.9721503686354325,HR
304,..\data\3_SNR-comparison-detectors\SNR-final-combined\UHR\BSD-SB\BSD-SB_1.5kV_5000ns_.tif,BSD-SB,1.5,5000.0,12.720684432385298,11.921453935255094,UHR
305,..\data\3_SNR-comparison-detectors\SNR-final-combined\UHR\BSD-SB\BSD-SB_1.5kV_5000ns_001.tif,BSD-SB,1.5,5000.0,23.463182072976714,19.72519378672644,UHR
306,..\data\3_SNR-comparison-detectors\SNR-final-combined\UHR\BSD-SB\BSD-SB_1.5kV_5000ns_002.tif,BSD-SB,1.5,5000.0,13.574469828618355,12.909225457524176,UHR
307,..\data\3_SNR-comparison-detectors\SNR-final-combined\UHR\BSD-SB\BSD-SB_1.5kV_5000ns_003.tif,BSD-SB,1.5,5000.0,16.178537880155957,15.748578383157751,UHR
308,..\data\3_SNR-comparison-detectors\SNR-final-combined\UHR\BSD-SB\BSD-SB_1.5kV_5000ns_004.tif,BSD-SB,1.5,5000.0,13.23027523780732,12.641805280475797,UHR
112,..\data\3_SNR-comparison-detectors\SNR-final-combined\HR\BSD-SB\BSE-SB_1.5kV_10000ns_001.tif,BSD-SB,1.5,10000.0,10.162217856470935,9.654397688895646,HR
113,..\data\3_SNR-comparison-detectors\SNR-final-combined\HR\BSD-SB\BSE-SB_1.5kV_10000ns_002.tif,BSD-SB,1.5,10000.0,11.682629699632184,11.132510571780847,HR
114,..\data\3_SNR-comparison-detectors\SNR-final-combined\HR\BSD-SB\BSE-SB_1.5kV_10000ns_003.tif,BSD-SB,1.5,10000.0,14.594628679228167,13.014304185833359,HR
115,..\data\3_SNR-comparison-detectors\SNR-final-combined\HR\BSD-SB\BSE-SB_1.5kV_10000ns_004.tif,BSD-SB,1.5,10000.0,14.671033376796787,13.96597388231465,HR
116,..\data\3_SNR-comparison-detectors\SNR-final-combined\HR\BSD-SB\BSE-SB_1.5kV_10000ns_005.tif,BSD-SB,1.5,10000.0,34.460677091900294,33.4426426806057,HR
117,..\data\3_SNR-comparison-detectors\SNR-final-combined\HR\BSD-SB\BSE-SB_1.5kV_10000ns_006.tif,BSD-SB,1.5,10000.0,34.17496345574188,30.933221477267303,HR
279,..\data\3_SNR-comparison-detectors\SNR-final-combined\UHR\BSD-SB\BSD-SB_1.5kV_10000ns_.tif,BSD-SB,1.5,10000.0,20.202613942352006,19.123976041176892,UHR
280,..\data\3_SNR-comparison-detectors\SNR-final-combined\UHR\BSD-SB\BSD-SB_1.5kV_10000ns_001.tif,BSD-SB,1.5,10000.0,32.25001572811958,29.730850024002102,UHR
281,..\data\3_SNR-comparison-detectors\SNR-final-combined\UHR\BSD-SB\BSD-SB_1.5kV_10000ns_002.tif,BSD-SB,1.5,10000.0,20.07081125553642,19.09338557710319,UHR
282,..\data\3_SNR-comparison-detectors\SNR-final-combined\UHR\BSD-SB\BSD-SB_1.5kV_10000ns_003.tif,BSD-SB,1.5,10000.0,39.74643840696245,35.00182538142373,UHR
283,..\data\3_SNR-comparison-detectors\SNR-final-combined\UHR\BSD-SB\BSD-SB_1.5kV_10000ns_004.tif,BSD-SB,1.5,10000.0,37.33213640089236,35.50917632625364,UHR
174,..\data\3_SNR-comparison-detectors\SNR-final-combined\HR\OSTEM\OSTEM_4kV_100ns.tif,OSTEM,4,100.0,0.212255597332774,0.20596220462428907,HR
175,..\data\3_SNR-comparison-detectors\SNR-final-combined\HR\OSTEM\OSTEM_4kV_100ns_001.tif,OSTEM,4,100.0,0.549690522370524,0.44146482798893216,HR
176,..\data\3_SNR-comparison-detectors\SNR-final-combined\HR\OSTEM\OSTEM_4kV_100ns_002.tif,OSTEM,4,100.0,0.2433967811942671,0.18046021723530337,HR
177,..\data\3_SNR-comparison-detectors\SNR-final-combined\HR\OSTEM\OSTEM_4kV_100ns_003.tif,OSTEM,4,100.0,0.2885867966211111,0.2541376368771303,HR
178,..\data\3_SNR-comparison-detectors\SNR-final-combined\HR\OSTEM\OSTEM_4kV_100ns_004.tif,OSTEM,4,100.0,0.2553905812261824,0.2000781712349972,HR
324,..\data\3_SNR-comparison-detectors\SNR-final-combined\UHR\OSTEM\OSTEM_4kV_100ns_.tif,OSTEM,4,100.0,0.11939982673239313,0.1103853080644806,UHR
325,..\data\3_SNR-comparison-detectors\SNR-final-combined\UHR\OSTEM\OSTEM_4kV_100ns_001.tif,OSTEM,4,100.0,0.11373562213202937,0.11697427195154515,UHR
326,..\data\3_SNR-comparison-detectors\SNR-final-combined\UHR\OSTEM\OSTEM_4kV_100ns_002.tif,OSTEM,4,100.0,0.15239862569686247,0.14992345640490018,UHR
327,..\data\3_SNR-comparison-detectors\SNR-final-combined\UHR\OSTEM\OSTEM_4kV_100ns_003.tif,OSTEM,4,100.0,0.13846065219621406,0.1416201965341887,UHR
328,..\data\3_SNR-comparison-detectors\SNR-final-combined\UHR\OSTEM\OSTEM_4kV_100ns_004.tif,OSTEM,4,100.0,0.18952081057378534,0.12878975568700424,UHR
329,..\data\3_SNR-comparison-detectors\SNR-final-combined\UHR\OSTEM\OSTEM_4kV_100ns_005.tif,OSTEM,4,100.0,0.1441079508990014,0.13056789466628665,UHR
179,..\data\3_SNR-comparison-detectors\SNR-final-combined\HR\OSTEM\OSTEM_4kV_200ns.tif,OSTEM,4,200.0,0.36607902573351525,0.364227035258042,HR
180,..\data\3_SNR-comparison-detectors\SNR-final-combined\HR\OSTEM\OSTEM_4kV_200ns_001.tif,OSTEM,4,200.0,0.2547182304241584,0.22187912199332094,HR
181,..\data\3_SNR-comparison-detectors\SNR-final-combined\HR\OSTEM\OSTEM_4kV_200ns_002.tif,OSTEM,4,200.0,0.5540731663003113,0.5288716421130079,HR
182,..\data\3_SNR-comparison-detectors\SNR-final-combined\HR\OSTEM\OSTEM_4kV_200ns_003.tif,OSTEM,4,200.0,0.1968295430357585,0.1853343351811897,HR
183,..\data\3_SNR-comparison-detectors\SNR-final-combined\HR\OSTEM\OSTEM_4kV_200ns_004.tif,OSTEM,4,200.0,0.3491462549662827,0.3020115748919361,HR
330,..\data\3_SNR-comparison-detectors\SNR-final-combined\UHR\OSTEM\OSTEM_4kV_200ns_.tif,OSTEM,4,200.0,0.1351128363617119,0.1338661184898036,UHR
331,..\data\3_SNR-comparison-detectors\SNR-final-combined\UHR\OSTEM\OSTEM_4kV_200ns_001.tif,OSTEM,4,200.0,0.0923020624036166,0.08865392421589562,UHR
332,..\data\3_SNR-comparison-detectors\SNR-final-combined\UHR\OSTEM\OSTEM_4kV_200ns_002.tif,OSTEM,4,200.0,0.17016902689749447,0.16691211634070555,UHR
333,..\data\3_SNR-comparison-detectors\SNR-final-combined\UHR\OSTEM\OSTEM_4kV_200ns_003.tif,OSTEM,4,200.0,0.10085764651923523,0.09820033221513828,UHR
334,..\data\3_SNR-comparison-detectors\SNR-final-combined\UHR\OSTEM\OSTEM_4kV_200ns_004.tif,OSTEM,4,200.0,0.42498150457118455,0.41680340781746084,UHR
189,..\data\3_SNR-comparison-detectors\SNR-final-combined\HR\OSTEM\OSTEM_4kV_300ns.tif,OSTEM,4,300.0,0.22866949994100083,0.21992491032049266,HR
190,..\data\3_SNR-comparison-detectors\SNR-final-combined\HR\OSTEM\OSTEM_4kV_300ns_001.tif,OSTEM,4,300.0,0.5085380023451336,0.468426193159765,HR
191,..\data\3_SNR-comparison-detectors\SNR-final-combined\HR\OSTEM\OSTEM_4kV_300ns_002.tif,OSTEM,4,300.0,0.21519263079225004,0.18128311290563281,HR
192,..\data\3_SNR-comparison-detectors\SNR-final-combined\HR\OSTEM\OSTEM_4kV_300ns_003.tif,OSTEM,4,300.0,0.25448665092813016,0.23445723840180197,HR
193,..\data\3_SNR-comparison-detectors\SNR-final-combined\HR\OSTEM\OSTEM_4kV_300ns_004.tif,OSTEM,4,300.0,0.23629490444897672,0.22179266315521018,HR
340,..\data\3_SNR-comparison-detectors\SNR-final-combined\UHR\OSTEM\OSTEM_4kV_300ns_.tif,OSTEM,4,300.0,0.14684613583835915,0.1344151254847812,UHR
341,..\data\3_SNR-comparison-detectors\SNR-final-combined\UHR\OSTEM\OSTEM_4kV_300ns_001.tif,OSTEM,4,300.0,0.19644795500426415,0.18918771647651067,UHR
342,..\data\3_SNR-comparison-detectors\SNR-final-combined\UHR\OSTEM\OSTEM_4kV_300ns_002.tif,OSTEM,4,300.0,0.15792109758443817,0.12842683387401238,UHR
343,..\data\3_SNR-comparison-detectors\SNR-final-combined\UHR\OSTEM\OSTEM_4kV_300ns_003.tif,OSTEM,4,300.0,0.19382114979412546,0.1812408434991502,UHR
344,..\data\3_SNR-comparison-detectors\SNR-final-combined\UHR\OSTEM\OSTEM_4kV_300ns_004.tif,OSTEM,4,300.0,0.08935007646058712,0.08395430853364508,UHR
199,..\data\3_SNR-comparison-detectors\SNR-final-combined\HR\OSTEM\OSTEM_4kV_500ns.tif,OSTEM,4,500.0,0.24915128437277823,0.2236239587175299,HR
200,..\data\3_SNR-comparison-detectors\SNR-final-combined\HR\OSTEM\OSTEM_4kV_500ns_001.tif,OSTEM,4,500.0,0.24870474673987764,0.21168575684145824,HR
201,..\data\3_SNR-comparison-detectors\SNR-final-combined\HR\OSTEM\OSTEM_4kV_500ns_002.tif,OSTEM,4,500.0,0.279909695040956,0.24790274454193745,HR
202,..\data\3_SNR-comparison-detectors\SNR-final-combined\HR\OSTEM\OSTEM_4kV_500ns_003.tif,OSTEM,4,500.0,0.22828824068376707,0.2072624363930672,HR
203,..\data\3_SNR-comparison-detectors\SNR-final-combined\HR\OSTEM\OSTEM_4kV_500ns_004.tif,OSTEM,4,500.0,0.2351955987322314,0.21118716804382784,HR
350,..\data\3_SNR-comparison-detectors\SNR-final-combined\UHR\OSTEM\OSTEM_4kV_500ns_.tif,OSTEM,4,500.0,0.12408449603167215,0.12105420634976834,UHR
351,..\data\3_SNR-comparison-detectors\SNR-final-combined\UHR\OSTEM\OSTEM_4kV_500ns_001.tif,OSTEM,4,500.0,0.2652555501889672,0.25863460800347526,UHR
352,..\data\3_SNR-comparison-detectors\SNR-final-combined\UHR\OSTEM\OSTEM_4kV_500ns_002.tif,OSTEM,4,500.0,0.13070683891181922,0.12118728260198644,UHR
353,..\data\3_SNR-comparison-detectors\SNR-final-combined\UHR\OSTEM\OSTEM_4kV_500ns_003.tif,OSTEM,4,500.0,0.12809349338491338,0.12175266200845185,UHR
354,..\data\3_SNR-comparison-detectors\SNR-final-combined\UHR\OSTEM\OSTEM_4kV_500ns_004.tif,OSTEM,4,500.0,0.17273090326847806,0.1431146826442824,UHR
169,..\data\3_SNR-comparison-detectors\SNR-final-combined\HR\OSTEM\OSTEM_4kV_1000ns.tif,OSTEM,4,1000.0,0.2654144954551583,0.2106653272109695,HR
170,..\data\3_SNR-comparison-detectors\SNR-final-combined\HR\OSTEM\OSTEM_4kV_1000ns_001.tif,OSTEM,4,1000.0,0.3841200107575098,0.2973047649809884,HR
171,..\data\3_SNR-comparison-detectors\SNR-final-combined\HR\OSTEM\OSTEM_4kV_1000ns_002.tif,OSTEM,4,1000.0,0.2703030324542083,0.21202857938350106,HR
172,..\data\3_SNR-comparison-detectors\SNR-final-combined\HR\OSTEM\OSTEM_4kV_1000ns_003.tif,OSTEM,4,1000.0,0.3882258346975572,0.28985467443297236,HR
173,..\data\3_SNR-comparison-detectors\SNR-final-combined\HR\OSTEM\OSTEM_4kV_1000ns_004.tif,OSTEM,4,1000.0,0.5467857047988325,0.4126311754796585,HR
319,..\data\3_SNR-comparison-detectors\SNR-final-combined\UHR\OSTEM\OSTEM_4kV_1000ns_.tif,OSTEM,4,1000.0,0.19196302185119973,0.18135181382797563,UHR
320,..\data\3_SNR-comparison-detectors\SNR-final-combined\UHR\OSTEM\OSTEM_4kV_1000ns_001.tif,OSTEM,4,1000.0,0.21468599901989438,0.18961114853236732,UHR
321,..\data\3_SNR-comparison-detectors\SNR-final-combined\UHR\OSTEM\OSTEM_4kV_1000ns_002.tif,OSTEM,4,1000.0,0.19956952502558356,0.1927425609111204,UHR
322,..\data\3_SNR-comparison-detectors\SNR-final-combined\UHR\OSTEM\OSTEM_4kV_1000ns_003.tif,OSTEM,4,1000.0,0.224219041971501,0.21097692724378375,UHR
323,..\data\3_SNR-comparison-detectors\SNR-final-combined\UHR\OSTEM\OSTEM_4kV_1000ns_004.tif,OSTEM,4,1000.0,0.2003622902662372,0.17681731793636388,UHR
184,..\data\3_SNR-comparison-detectors\SNR-final-combined\HR\OSTEM\OSTEM_4kV_3000ns.tif,OSTEM,4,3000.0,0.6831581930852577,0.5731667950246672,HR
185,..\data\3_SNR-comparison-detectors\SNR-final-combined\HR\OSTEM\OSTEM_4kV_3000ns_001.tif,OSTEM,4,3000.0,0.9198818119037975,0.815986382668257,HR
186,..\data\3_SNR-comparison-detectors\SNR-final-combined\HR\OSTEM\OSTEM_4kV_3000ns_002.tif,OSTEM,4,3000.0,0.5387019981091525,0.4256167721258624,HR
187,..\data\3_SNR-comparison-detectors\SNR-final-combined\HR\OSTEM\OSTEM_4kV_3000ns_003.tif,OSTEM,4,3000.0,0.7049880658179204,0.6332714162551735,HR
188,..\data\3_SNR-comparison-detectors\SNR-final-combined\HR\OSTEM\OSTEM_4kV_3000ns_004.tif,OSTEM,4,3000.0,0.9243224670345846,0.6940251474727385,HR
335,..\data\3_SNR-comparison-detectors\SNR-final-combined\UHR\OSTEM\OSTEM_4kV_3000ns_.tif,OSTEM,4,3000.0,0.42118884745142904,0.3640938689442077,UHR
336,..\data\3_SNR-comparison-detectors\SNR-final-combined\UHR\OSTEM\OSTEM_4kV_3000ns_001.tif,OSTEM,4,3000.0,0.5554303813246857,0.49733623383985653,UHR
337,..\data\3_SNR-comparison-detectors\SNR-final-combined\UHR\OSTEM\OSTEM_4kV_3000ns_002.tif,OSTEM,4,3000.0,0.4941874140648155,0.4249153383898371,UHR
338,..\data\3_SNR-comparison-detectors\SNR-final-combined\UHR\OSTEM\OSTEM_4kV_3000ns_003.tif,OSTEM,4,3000.0,0.370448696209155,0.33577402074470253,UHR
339,..\data\3_SNR-comparison-detectors\SNR-final-combined\UHR\OSTEM\OSTEM_4kV_3000ns_004.tif,OSTEM,4,3000.0,0.3618172055320594,0.30379940364769326,UHR
194,..\data\3_SNR-comparison-detectors\SNR-final-combined\HR\OSTEM\OSTEM_4kV_5000ns.tif,OSTEM,4,5000.0,0.858539864187823,0.5560313407306927,HR
195,..\data\3_SNR-comparison-detectors\SNR-final-combined\HR\OSTEM\OSTEM_4kV_5000ns_001.tif,OSTEM,4,5000.0,1.5530470887355827,1.1791474196496579,HR
196,..\data\3_SNR-comparison-detectors\SNR-final-combined\HR\OSTEM\OSTEM_4kV_5000ns_002.tif,OSTEM,4,5000.0,2.3037707098078823,1.6401884207364397,HR
197,..\data\3_SNR-comparison-detectors\SNR-final-combined\HR\OSTEM\OSTEM_4kV_5000ns_003.tif,OSTEM,4,5000.0,0.7833284773723805,0.5150501838625557,HR
198,..\data\3_SNR-comparison-detectors\SNR-final-combined\HR\OSTEM\OSTEM_4kV_5000ns_004.tif,OSTEM,4,5000.0,1.2623938141534556,0.7132809869195118,HR
345,..\data\3_SNR-comparison-detectors\SNR-final-combined\UHR\OSTEM\OSTEM_4kV_5000ns_.tif,OSTEM,4,5000.0,0.5633763726023056,0.5007742939835393,UHR
346,..\data\3_SNR-comparison-detectors\SNR-final-combined\UHR\OSTEM\OSTEM_4kV_5000ns_001.tif,OSTEM,4,5000.0,0.5485216232867003,0.4601535257608806,UHR
347,..\data\3_SNR-comparison-detectors\SNR-final-combined\UHR\OSTEM\OSTEM_4kV_5000ns_002.tif,OSTEM,4,5000.0,1.5131596169655235,1.4529010859003235,UHR
348,..\data\3_SNR-comparison-detectors\SNR-final-combined\UHR\OSTEM\OSTEM_4kV_5000ns_003.tif,OSTEM,4,5000.0,1.3139458977290448,1.216543860461436,UHR
349,..\data\3_SNR-comparison-detectors\SNR-final-combined\UHR\OSTEM\OSTEM_4kV_5000ns_004.tif,OSTEM,4,5000.0,0.41857152795902985,0.34852112015072,UHR
164,..\data\3_SNR-comparison-detectors\SNR-final-combined\HR\OSTEM\OSTEM_4kV_10000ns.tif,OSTEM,4,10000.0,1.5851385796800348,1.3490206738025876,HR
165,..\data\3_SNR-comparison-detectors\SNR-final-combined\HR\OSTEM\OSTEM_4kV_10000ns_001.tif,OSTEM,4,10000.0,3.3430427086478995,3.064007898899596,HR
166,..\data\3_SNR-comparison-detectors\SNR-final-combined\HR\OSTEM\OSTEM_4kV_10000ns_002.tif,OSTEM,4,10000.0,2.7000162256179783,2.3486463449860526,HR
167,..\data\3_SNR-comparison-detectors\SNR-final-combined\HR\OSTEM\OSTEM_4kV_10000ns_003.tif,OSTEM,4,10000.0,1.3561103502008547,1.2448277327944903,HR
168,..\data\3_SNR-comparison-detectors\SNR-final-combined\HR\OSTEM\OSTEM_4kV_10000ns_004.tif,OSTEM,4,10000.0,1.4322007790449223,1.2576179841394994,HR
314,..\data\3_SNR-comparison-detectors\SNR-final-combined\UHR\OSTEM\OSTEM_4kV_10000ns_.tif,OSTEM,4,10000.0,0.9061680459515675,0.8082196325224364,UHR
315,..\data\3_SNR-comparison-detectors\SNR-final-combined\UHR\OSTEM\OSTEM_4kV_10000ns_001.tif,OSTEM,4,10000.0,1.504298300257212,1.2435131483950301,UHR
316,..\data\3_SNR-comparison-detectors\SNR-final-combined\UHR\OSTEM\OSTEM_4kV_10000ns_002.tif,OSTEM,4,10000.0,0.9729928522918001,0.7536419341184265,UHR
317,..\data\3_SNR-comparison-detectors\SNR-final-combined\UHR\OSTEM\OSTEM_4kV_10000ns_003.tif,OSTEM,4,10000.0,1.3370061369435882,1.1559627811963622,UHR
318,..\data\3_SNR-comparison-detectors\SNR-final-combined\UHR\OSTEM\OSTEM_4kV_10000ns_004.tif,OSTEM,4,10000.0,1.0103813183961483,0.8742747294842698,UHR
214,..\data\3_SNR-comparison-detectors\SNR-final-combined\HR\SE\SE_1.5kV_100ns_.tif,SE,1.5,100.0,0.03286756849764949,0.0309385331333839,HR
215,..\data\3_SNR-comparison-detectors\SNR-final-combined\HR\SE\SE_1.5kV_100ns_001.tif,SE,1.5,100.0,0.09348212291389935,0.08912520893763458,HR
216,..\data\3_SNR-comparison-detectors\SNR-final-combined\HR\SE\SE_1.5kV_100ns_002.tif,SE,1.5,100.0,0.03785981764383517,0.0369164679860947,HR
217,..\data\3_SNR-comparison-detectors\SNR-final-combined\HR\SE\SE_1.5kV_100ns_003.tif,SE,1.5,100.0,0.018299892429076148,0.018612396293319695,HR
218,..\data\3_SNR-comparison-detectors\SNR-final-combined\HR\SE\SE_1.5kV_100ns_004.tif,SE,1.5,100.0,0.03632053941286417,0.03601645170902794,HR
365,..\data\3_SNR-comparison-detectors\SNR-final-combined\UHR\SE\SE_1.5kV_100ns_.tif,SE,1.5,100.0,0.009193694237751515,0.007828479187936421,UHR
366,..\data\3_SNR-comparison-detectors\SNR-final-combined\UHR\SE\SE_1.5kV_100ns_001.tif,SE,1.5,100.0,0.014987079978287077,0.014387894512984275,UHR
367,..\data\3_SNR-comparison-detectors\SNR-final-combined\UHR\SE\SE_1.5kV_100ns_002.tif,SE,1.5,100.0,0.028087941108346448,0.02724601717427526,UHR
368,..\data\3_SNR-comparison-detectors\SNR-final-combined\UHR\SE\SE_1.5kV_100ns_003.tif,SE,1.5,100.0,0.024675561946071012,0.024541914802519067,UHR
369,..\data\3_SNR-comparison-detectors\SNR-final-combined\UHR\SE\SE_1.5kV_100ns_004.tif,SE,1.5,100.0,0.01397052010152966,0.01389052321192306,UHR
219,..\data\3_SNR-comparison-detectors\SNR-final-combined\HR\SE\SE_1.5kV_200ns_.tif,SE,1.5,200.0,0.019245435849746473,0.019282511775461544,HR
220,..\data\3_SNR-comparison-detectors\SNR-final-combined\HR\SE\SE_1.5kV_200ns_001.tif,SE,1.5,200.0,0.055014624370707255,0.0545903685943053,HR
221,..\data\3_SNR-comparison-detectors\SNR-final-combined\HR\SE\SE_1.5kV_200ns_002.tif,SE,1.5,200.0,0.024332111014229385,0.02406536236317481,HR
222,..\data\3_SNR-comparison-detectors\SNR-final-combined\HR\SE\SE_1.5kV_200ns_003.tif,SE,1.5,200.0,0.022050712543784323,0.021479979060560997,HR
223,..\data\3_SNR-comparison-detectors\SNR-final-combined\HR\SE\SE_1.5kV_200ns_004.tif,SE,1.5,200.0,0.018294672397788925,0.017159867786676296,HR
370,..\data\3_SNR-comparison-detectors\SNR-final-combined\UHR\SE\SE_1.5kV_200ns_.tif,SE,1.5,200.0,0.0727006291820611,0.06792462457584861,UHR
371,..\data\3_SNR-comparison-detectors\SNR-final-combined\UHR\SE\SE_1.5kV_200ns_001.tif,SE,1.5,200.0,0.021858290040150163,0.02188639175438051,UHR
372,..\data\3_SNR-comparison-detectors\SNR-final-combined\UHR\SE\SE_1.5kV_200ns_002.tif,SE,1.5,200.0,0.035932703707756364,0.032766135979229595,UHR
373,..\data\3_SNR-comparison-detectors\SNR-final-combined\UHR\SE\SE_1.5kV_200ns_003.tif,SE,1.5,200.0,0.025113553666348154,0.02411569868583014,UHR
374,..\data\3_SNR-comparison-detectors\SNR-final-combined\UHR\SE\SE_1.5kV_200ns_004.tif,SE,1.5,200.0,0.0845399093288266,0.055776221338753276,UHR
229,..\data\3_SNR-comparison-detectors\SNR-final-combined\HR\SE\SE_1.5kV_300ns.tif,SE,1.5,300.0,0.142866220165494,0.13025630801293062,HR
230,..\data\3_SNR-comparison-detectors\SNR-final-combined\HR\SE\SE_1.5kV_300ns_001.tif,SE,1.5,300.0,0.01444395912631169,0.013969955861062727,HR
231,..\data\3_SNR-comparison-detectors\SNR-final-combined\HR\SE\SE_1.5kV_300ns_002.tif,SE,1.5,300.0,0.04341382006012451,0.04178559903633298,HR
232,..\data\3_SNR-comparison-detectors\SNR-final-combined\HR\SE\SE_1.5kV_300ns_003.tif,SE,1.5,300.0,0.04814513353913674,0.047676339119887334,HR
233,..\data\3_SNR-comparison-detectors\SNR-final-combined\HR\SE\SE_1.5kV_300ns_004.tif,SE,1.5,300.0,0.026012250654187885,0.025030376109311844,HR
380,..\data\3_SNR-comparison-detectors\SNR-final-combined\UHR\SE\SE_1.5kV_300ns_.tif,SE,1.5,300.0,0.059833746429404755,0.05010235222720946,UHR
381,..\data\3_SNR-comparison-detectors\SNR-final-combined\UHR\SE\SE_1.5kV_300ns_001.tif,SE,1.5,300.0,0.06270931211789177,0.0610906433161203,UHR
382,..\data\3_SNR-comparison-detectors\SNR-final-combined\UHR\SE\SE_1.5kV_300ns_002.tif,SE,1.5,300.0,0.04785125581068661,0.04375784626481768,UHR
383,..\data\3_SNR-comparison-detectors\SNR-final-combined\UHR\SE\SE_1.5kV_300ns_003.tif,SE,1.5,300.0,0.11980791237657651,0.04296848657971235,UHR
384,..\data\3_SNR-comparison-detectors\SNR-final-combined\UHR\SE\SE_1.5kV_300ns_004.tif,SE,1.5,300.0,0.03679574468380975,0.034310309075192495,UHR
239,..\data\3_SNR-comparison-detectors\SNR-final-combined\HR\SE\SE_1.5kV_500ns_.tif,SE,1.5,500.0,0.0855911674333455,0.07281946565450345,HR
240,..\data\3_SNR-comparison-detectors\SNR-final-combined\HR\SE\SE_1.5kV_500ns_001.tif,SE,1.5,500.0,0.11916938926411369,0.11536857901603775,HR
241,..\data\3_SNR-comparison-detectors\SNR-final-combined\HR\SE\SE_1.5kV_500ns_002.tif,SE,1.5,500.0,0.09886557690510234,0.09589167001104726,HR
242,..\data\3_SNR-comparison-detectors\SNR-final-combined\HR\SE\SE_1.5kV_500ns_003.tif,SE,1.5,500.0,0.024468714386438384,0.023131026723490013,HR
243,..\data\3_SNR-comparison-detectors\SNR-final-combined\HR\SE\SE_1.5kV_500ns_004.tif,SE,1.5,500.0,0.11578225283902266,0.11022239310989068,HR
390,..\data\3_SNR-comparison-detectors\SNR-final-combined\UHR\SE\SE_1.5kV_500ns_.tif,SE,1.5,500.0,0.0514997908910092,0.04893265717314141,UHR
391,..\data\3_SNR-comparison-detectors\SNR-final-combined\UHR\SE\SE_1.5kV_500ns_001.tif,SE,1.5,500.0,0.16399186048715164,0.14807486570747763,UHR
392,..\data\3_SNR-comparison-detectors\SNR-final-combined\UHR\SE\SE_1.5kV_500ns_002.tif,SE,1.5,500.0,0.03684051826775159,0.03483860439413426,UHR
393,..\data\3_SNR-comparison-detectors\SNR-final-combined\UHR\SE\SE_1.5kV_500ns_003.tif,SE,1.5,500.0,0.025716569019969326,0.024234002397624,UHR
394,..\data\3_SNR-comparison-detectors\SNR-final-combined\UHR\SE\SE_1.5kV_500ns_004.tif,SE,1.5,500.0,0.09545254613577092,0.09342585449188094,UHR
209,..\data\3_SNR-comparison-detectors\SNR-final-combined\HR\SE\SE_1.5kV_1000ns_.tif,SE,1.5,1000.0,0.1164373834337894,0.09939935809872104,HR
210,..\data\3_SNR-comparison-detectors\SNR-final-combined\HR\SE\SE_1.5kV_1000ns_001.tif,SE,1.5,1000.0,0.12597933898660718,0.1099331680534085,HR
211,..\data\3_SNR-comparison-detectors\SNR-final-combined\HR\SE\SE_1.5kV_1000ns_002.tif,SE,1.5,1000.0,0.17488041142503274,0.1717682908698177,HR
212,..\data\3_SNR-comparison-detectors\SNR-final-combined\HR\SE\SE_1.5kV_1000ns_003.tif,SE,1.5,1000.0,0.12233579994360455,0.10924561242345462,HR
213,..\data\3_SNR-comparison-detectors\SNR-final-combined\HR\SE\SE_1.5kV_1000ns_004.tif,SE,1.5,1000.0,0.2299549357908266,0.22274559035668062,HR
360,..\data\3_SNR-comparison-detectors\SNR-final-combined\UHR\SE\SE_1.5kV_1000ns_.tif,SE,1.5,1000.0,0.10842728169377458,0.10683773343590333,UHR
361,..\data\3_SNR-comparison-detectors\SNR-final-combined\UHR\SE\SE_1.5kV_1000ns_001.tif,SE,1.5,1000.0,0.09916205811835688,0.09426715074742167,UHR
362,..\data\3_SNR-comparison-detectors\SNR-final-combined\UHR\SE\SE_1.5kV_1000ns_002.tif,SE,1.5,1000.0,0.11725930018152142,0.10412387687585034,UHR
363,..\data\3_SNR-comparison-detectors\SNR-final-combined\UHR\SE\SE_1.5kV_1000ns_003.tif,SE,1.5,1000.0,0.07531648999655471,0.06845246328071598,UHR
364,..\data\3_SNR-comparison-detectors\SNR-final-combined\UHR\SE\SE_1.5kV_1000ns_004.tif,SE,1.5,1000.0,0.07757851044059916,0.06983332567072302,UHR
224,..\data\3_SNR-comparison-detectors\SNR-final-combined\HR\SE\SE_1.5kV_3000ns.tif,SE,1.5,3000.0,2.271028797810132,2.069872024289281,HR
225,..\data\3_SNR-comparison-detectors\SNR-final-combined\HR\SE\SE_1.5kV_3000ns_001.tif,SE,1.5,3000.0,0.6305588014067378,0.5534421233872973,HR
226,..\data\3_SNR-comparison-detectors\SNR-final-combined\HR\SE\SE_1.5kV_3000ns_002.tif,SE,1.5,3000.0,0.5634044602021155,0.4532789062132631,HR
227,..\data\3_SNR-comparison-detectors\SNR-final-combined\HR\SE\SE_1.5kV_3000ns_003.tif,SE,1.5,3000.0,0.5964339077764396,0.5371054155470216,HR
228,..\data\3_SNR-comparison-detectors\SNR-final-combined\HR\SE\SE_1.5kV_3000ns_004.tif,SE,1.5,3000.0,0.3851367102814064,0.35529942589478236,HR
375,..\data\3_SNR-comparison-detectors\SNR-final-combined\UHR\SE\SE_1.5kV_3000ns_.tif,SE,1.5,3000.0,0.3329225194323101,0.2881160145145427,UHR
376,..\data\3_SNR-comparison-detectors\SNR-final-combined\UHR\SE\SE_1.5kV_3000ns_001.tif,SE,1.5,3000.0,0.37865580253607123,0.33933480621003476,UHR
377,..\data\3_SNR-comparison-detectors\SNR-final-combined\UHR\SE\SE_1.5kV_3000ns_002.tif,SE,1.5,3000.0,0.5373004869905167,0.47782252449100504,UHR
378,..\data\3_SNR-comparison-detectors\SNR-final-combined\UHR\SE\SE_1.5kV_3000ns_003.tif,SE,1.5,3000.0,0.5946086569004141,0.5738888919211738,UHR
379,..\data\3_SNR-comparison-detectors\SNR-final-combined\UHR\SE\SE_1.5kV_3000ns_004.tif,SE,1.5,3000.0,0.7035571860523138,0.6862187974885205,UHR
234,..\data\3_SNR-comparison-detectors\SNR-final-combined\HR\SE\SE_1.5kV_5000ns.tif,SE,1.5,5000.0,1.8891486039336374,1.479545466507893,HR
235,..\data\3_SNR-comparison-detectors\SNR-final-combined\HR\SE\SE_1.5kV_5000ns_001.tif,SE,1.5,5000.0,2.277096739401217,1.4658818647788088,HR
236,..\data\3_SNR-comparison-detectors\SNR-final-combined\HR\SE\SE_1.5kV_5000ns_002.tif,SE,1.5,5000.0,1.3290126708148158,0.9353594626070147,HR
237,..\data\3_SNR-comparison-detectors\SNR-final-combined\HR\SE\SE_1.5kV_5000ns_003.tif,SE,1.5,5000.0,3.0038756772924478,1.9492450709738824,HR
238,..\data\3_SNR-comparison-detectors\SNR-final-combined\HR\SE\SE_1.5kV_5000ns_004.tif,SE,1.5,5000.0,1.648048159680556,1.3517477847163741,HR
385,..\data\3_SNR-comparison-detectors\SNR-final-combined\UHR\SE\SE_1.5kV_5000ns_.tif,SE,1.5,5000.0,0.7750309381633951,0.6915637060225943,UHR
386,..\data\3_SNR-comparison-detectors\SNR-final-combined\UHR\SE\SE_1.5kV_5000ns_001.tif,SE,1.5,5000.0,0.5037031876731728,0.43020343777407877,UHR
387,..\data\3_SNR-comparison-detectors\SNR-final-combined\UHR\SE\SE_1.5kV_5000ns_002.tif,SE,1.5,5000.0,1.1619979908921991,0.9231623601039649,UHR
388,..\data\3_SNR-comparison-detectors\SNR-final-combined\UHR\SE\SE_1.5kV_5000ns_003.tif,SE,1.5,5000.0,1.2403558707074163,1.1727960367687298,UHR
389,..\data\3_SNR-comparison-detectors\SNR-final-combined\UHR\SE\SE_1.5kV_5000ns_004.tif,SE,1.5,5000.0,1.462338051750883,1.369314480423731,UHR
204,..\data\3_SNR-comparison-detectors\SNR-final-combined\HR\SE\SE_1.5kV_10000ns.tif,SE,1.5,10000.0,5.972699385496703,5.599768982226794,HR
205,..\data\3_SNR-comparison-detectors\SNR-final-combined\HR\SE\SE_1.5kV_10000ns_001.tif,SE,1.5,10000.0,2.1613629657062603,1.8280893376227487,HR
206,..\data\3_SNR-comparison-detectors\SNR-final-combined\HR\SE\SE_1.5kV_10000ns_002.tif,SE,1.5,10000.0,2.760320434473036,2.351667950408583,HR
207,..\data\3_SNR-comparison-detectors\SNR-final-combined\HR\SE\SE_1.5kV_10000ns_003.tif,SE,1.5,10000.0,4.143171249712243,3.191859673443046,HR
208,..\data\3_SNR-comparison-detectors\SNR-final-combined\HR\SE\SE_1.5kV_10000ns_004.tif,SE,1.5,10000.0,3.035653535987081,2.3391514023676283,HR
355,..\data\3_SNR-comparison-detectors\SNR-final-combined\UHR\SE\SE_1.5kV_10000ns_.tif,SE,1.5,10000.0,2.8215507039483296,1.7711816020350661,UHR
356,..\data\3_SNR-comparison-detectors\SNR-final-combined\UHR\SE\SE_1.5kV_10000ns_001.tif,SE,1.5,10000.0,2.7103968063152344,2.017767544281824,UHR
357,..\data\3_SNR-comparison-detectors\SNR-final-combined\UHR\SE\SE_1.5kV_10000ns_002.tif,SE,1.5,10000.0,2.1321706844143717,1.7295987083449051,UHR
358,..\data\3_SNR-comparison-detectors\SNR-final-combined\UHR\SE\SE_1.5kV_10000ns_003.tif,SE,1.5,10000.0,2.0245976472778153,1.6631324168853094,UHR
359,..\data\3_SNR-comparison-detectors\SNR-final-combined\UHR\SE\SE_1.5kV_10000ns_004.tif,SE,1.5,10000.0,2.177232724157974,1.7341566226650893,UHR
